"","resid","fitted"
"1",0.284521926635982,28.516478073364
"2",0.186002788508565,30.1459972114914
"3",0.221483650318905,31.7755163496811
"4",0.614964512135722,33.4050354878643
"5",1.05344537395209,35.0345546260479
"6",1.77392623576039,36.6640737642396
"7",1.56040709757802,38.293592902422
"8",0.898887959397486,39.9231120406025
"9",0.121368821207576,41.5526311787924
"10",-1.41915031697888,43.1821503169789
"11",-2.6826694551674,44.8116694551674
"12",-2.61318859334931,46.4411885933493
"13",-4.24056140664498,59.470561406645
"14",-1.82008054483086,61.1000805448309
"15",2.0904003169848,62.7295996830152
"16",1.86088117879825,64.3591188212017
"17",1.70136204061131,65.9886379593887
"18",1.31184290242715,67.6181570975729
"19",1.17232376423961,69.2476762357604
"20",1.12280462605467,70.8771953739453
"21",-0.925714512131765,72.5067145121318
"22",-1.1862336503172,74.1362336503172
"23",-0.114752788503491,75.7657527885035
"24",-0.972271926687518,77.3952719266875
"25",-6.99081140664605,50.067811406646
"26",-6.01233054483142,51.6973305448314
"27",-5.02384968301499,53.326849683015
"28",-3.54936882120208,54.9563688212021
"29",-2.06788795938667,56.5858879593867
"30",-0.201407097573308,58.2154070975733
"31",1.52307376424242,59.8449262357576
"32",4.32455462605511,61.4744453739449
"33",4.64003548786844,63.1039645121316
"34",4.41851634968246,64.7334836503175
"35",4.63099721149844,66.3630027885016
"36",4.30847807330768,67.9925219266923
"37",1.09385526002225,28.9211447399778
"38",1.44833612183534,30.5506638781647
"39",1.81981698365088,32.1801830163491
"40",2.17529784546548,33.8097021545345
"41",2.48877870727866,35.4392212927213
"42",2.41425956909277,37.0687404309072
"43",1.24374043090671,38.6982595690933
"44",-0.421778707278434,40.3277787072784
"45",-1.31029784546575,41.9572978454657
"46",-2.6238169836498,43.5868169836498
"47",-4.21333612183659,45.2163361218366
"48",-4.11485526002155,46.8458552600216
"49",2.3869385933561,60.0980614066439
"50",2.67141945517068,61.7275805448293
"51",1.78490031698077,63.3570996830192
"52",0.647381178795981,64.986618821204
"53",0.448862040612259,66.6161379593877
"54",0.235342902426334,68.2456570975737
"55",0.0668237642409227,69.8751762357591
"56",-0.730695373944141,71.5046953739441
"57",-1.26621451212949,73.1342145121295
"58",-1.48873365031749,74.7637336503175
"59",-2.05325278850365,76.3932527885036
"60",-2.70277192668848,78.0227719266885
"61",3.41943859335488,65.7005614066451
"62",2.99991945517137,67.3300805448286
"63",1.97040031698267,68.9595996830173
"64",0.510881178797754,70.5891188212022
"65",-0.288637959388786,72.2186379593888
"66",-0.358157097573505,73.8481570975735
"67",-0.737676235760467,75.4776762357605
"68",-0.787195373943964,77.107195373944
"69",-1.17671451213272,78.7367145121327
"70",-1.53623365031499,80.366233650315
"71",-1.62575278850094,81.9957527885009
"72",-2.39027192669126,83.6252719266913
"73",2.65910526002373,64.1408947399763
"74",1.7095861218357,65.7704138781643
"75",2.14006698365032,67.3999330163497
"76",1.1105478454642,69.0294521545358
"77",-0.0289712927214015,70.6589712927214
"78",-0.118490430907684,72.2884904309077
"79",-0.738009569092828,73.9180095690928
"80",-0.607528707278262,75.5475287072783
"81",-1.13704784546407,77.1770478454641
"82",-1.29656698365138,78.8065669836514
"83",-1.45608612183609,80.4360861218361
"84",-2.23660526002215,82.0656052600221
"85",-5.70431140664569,56.6433114066457
"86",-4.44083054483077,58.2728305448308
"87",-2.9793496830172,59.9023496830172
"88",-1.60886882120239,61.5318688212024
"89",0.138612040612348,63.1613879593876
"90",0.802092902426043,64.790907097574
"91",2.63157376424028,66.4204262357597
"92",2.70005462605472,68.0499453739453
"93",2.92153548786983,69.6794645121302
"94",2.61601634968298,71.308983650317
"95",1.85649721149762,72.9385027885024
"96",1.06697807331224,74.5680219266878
"97",-3.38772807331136,40.8717280733114
"98",-3.15324721149643,42.5012472114964
"99",-2.91476634968267,44.1307663496827
"100",-2.30728548786818,45.7602854878682
"101",-2.13780462605543,47.3898046260554
"102",-2.09632376424169,49.0193237642417
"103",-0.639842902425778,50.6488429024258
"104",0.540637959387979,52.278362040612
"105",2.11011882120192,53.9078811787981
"106",3.8745996830159,55.5374003169841
"107",4.84608054483084,57.1669194551692
"108",5.26556140664491,58.7964385933551
"109",3.32060526002194,64.6793947399781
"110",2.93108612183636,66.3089138781636
"111",2.31156698364997,67.93843301635
"112",1.37204784546465,69.5679521545353
"113",0.242528707278251,71.1974712927217
"114",-0.0269904309070409,72.826990430907
"115",-0.526509569092316,74.4565095690923
"116",-0.736028707279212,76.0860287072792
"117",-1.25554784546425,77.7155478454642
"118",-1.81506698364998,79.34506698365
"119",-2.6545861218359,80.9745861218359
"120",-3.16310526002232,82.6041052600223
"121",-1.59456140664464,39.8175614066446
"122",-1.08908054483061,41.4470805448306
"123",-0.458599683016696,43.0765996830167
"124",0.178881178797463,44.7061188212025
"125",0.678362040612321,46.3356379593877
"126",1.22484290242638,47.9651570975736
"127",1.30932376424028,49.5946762357597
"128",1.11280462605478,51.2241953739452
"129",1.06528548786898,52.853714512131
"130",0.293766349682915,54.4832336503171
"131",-1.70675278850284,56.1127527885028
"132",-1.01427192668834,57.7422719266883
"133",-3.1282280733117,43.5422280733117
"134",-3.28174721149736,45.1717472114974
"135",-3.3732663496833,46.8012663496833
"136",-3.3987854878689,48.4307854878689
"137",-3.34630462605456,50.0603046260546
"138",-1.66682376424038,51.6898237642404
"139",0.539657097573825,53.3193429024262
"140",2.30213795938807,54.9488620406119
"141",3.37861882120227,56.5783811787977
"142",3.8420996830165,58.2079003169835
"143",4.04558054483073,59.8374194551693
"144",4.08706140664496,61.466938593355
"145",-4.9254780733116,58.7454780733116
"146",-1.92499721149736,60.3749972114974
"147",-0.0745163496831346,62.0045163496831
"148",1.1559645121311,63.6340354878689
"149",2.18644537394533,65.2635546260547
"150",2.96692623575955,66.8930737642404
"151",2.16740709757377,68.5225929024262
"152",0.987887959388006,70.152112040612
"153",0.396368821202238,71.7816311787978
"154",-0.167150316983536,73.4111503169835
"155",-0.950669455169299,75.0406694551693
"156",-1.81818859335507,76.6701885933551
"157",1.98685526002174,45.6351447399783
"158",2.35333612183597,47.264663878164
"159",2.6258169836502,48.8941830163498
"160",2.77429784546442,50.5237021545356
"161",3.87077870727865,52.1532212927213
"162",5.53625956909289,53.7827404309071
"163",6.07174043090712,55.4122595690929
"164",6.58022129272134,57.0417787072787
"165",4.07370215453557,58.6712978454644
"166",-7.74481698365019,60.3008169836502
"167",-15.296336121836,61.9303361218359
"168",-12.8318552600217,63.5598552600217
"169",-2.36014473997825,53.2771447399783
"170",-1.62166387816403,54.906663878164
"171",-0.871183016349801,56.5361830163498
"172",-0.53370215453557,58.1657021545356
"173",-0.291221292721338,59.7952212927213
"174",0.064259569092886,61.4247404309071
"175",0.281740430907112,63.0542595690929
"176",0.521221292721342,64.6837787072787
"177",0.743702154535587,66.3132978454644
"178",1.44518301634981,67.9428169836502
"179",1.43366387816403,69.572336121836
"180",1.18814473997826,71.2018552600217
"181",-1.18139473997825,60.7813947399783
"182",4.19908612183596,62.410913878164
"183",5.4695669836502,64.0404330163498
"184",4.75004784546443,65.6699521545356
"185",3.60052870727866,67.2994712927213
"186",1.88100956909289,68.9289904309071
"187",0.521490430907106,70.5585095690929
"188",-0.848028707278663,72.1880287072787
"189",-2.62754784546442,73.8175478454644
"190",-5.1270669836502,75.4470669836502
"191",-4.93658612183596,77.076586121836
"192",-5.70110526002175,78.7061052600217
"193",-3.75664473997827,35.7316447399783
"194",-2.45516387816404,37.361163878164
"195",-1.1766830163498,38.9906830163498
"196",0.0767978454644253,40.6202021545356
"197",1.34127870727866,42.2497212927213
"198",2.25775956909288,43.8792404309071
"199",2.61324043090711,45.5087595690929
"200",2.41872129272134,47.1382787072787
"201",1.49220215453557,48.7677978454644
"202",-0.0733169836502005,50.3973169836502
"203",-1.37683612183597,52.026836121836
"204",-1.36135526002174,53.6563552600217
"205",3.17602192668841,35.8549780733116
"206",3.04850278850264,37.4844972114974
"207",2.93098365031686,39.1140163496831
"208",2.80446451213109,40.7435354878689
"209",1.68394537394532,42.3730546260547
"210",1.90742623575955,44.0025737642405
"211",1.83890709757377,45.6320929024262
"212",0.949387959388003,47.261612040612
"213",-4.15513117879776,48.8911311787977
"214",-5.19465031698353,50.5206503169835
"215",-4.7901694551693,52.1501694551693
"216",-4.19968859335509,53.7796885933551
"217",0.476605260021743,38.9403947399783
"218",0.796086121835969,40.569913878164
"219",1.2155669836502,42.1994330163498
"220",1.58604784546442,43.8289521545356
"221",-5.14147129272134,45.4584712927213
"222",-15.8679904309071,47.0879904309071
"223",2.23949043090712,48.7175095690929
"224",3.56697129272134,50.3470287072787
"225",3.82645215453557,51.9765478454644
"226",2.9279330163498,53.6060669836502
"227",1.51641387816403,55.235586121836
"228",2.85789473997826,56.8651052600217
"229",-0.643144739978256,39.1661447399783
"230",-0.367663878164032,40.795663878164
"231",0.217816983650197,42.4251830163498
"232",0.744297845464422,44.0547021545356
"233",1.36477870727866,45.6842212927213
"234",2.04125956909288,47.3137404309071
"235",4.01774043090711,48.9432595690929
"236",4.41222129272135,50.5727787072787
"237",2.11170215453557,52.2022978454644
"238",-1.63281698365021,53.8318169836502
"239",-5.60533612183596,55.461336121836
"240",-6.66085526002175,57.0908552600217
"241",2.80960526002173,65.9403947399783
"242",2.39008612183596,67.569913878164
"243",2.1005669836502,69.1994330163498
"244",1.30104784546443,70.8289521545356
"245",0.421528707278658,72.4584712927213
"246",0.122009569092888,74.0879904309071
"247",0.0424904309071351,75.7175095690929
"248",-0.487028707278661,77.3470287072787
"249",-1.0265478454644,78.9765478454644
"250",-1.9960669836502,80.6060669836502
"251",-2.46558612183598,82.235586121836
"252",-3.21210526002174,83.8651052600217
"253",0.558438593355079,34.9045614066449
"254",0.929919455169304,36.5340805448307
"255",1.31140031698353,38.1635996830165
"256",1.68488117879776,39.7931188212022
"257",2.03436204061199,41.422637959388
"258",3.72284290242622,43.0521570975738
"259",3.61332376424045,44.6816762357596
"260",4.17380462605467,46.3111953739453
"261",1.45528548786891,47.9407145121311
"262",-3.50423365031686,49.5702336503169
"263",-7.89175278850263,51.1997527885026
"264",-8.08827192668843,52.8292719266884
"265",0.280771926688404,37.8112280733116
"266",0.440252788502633,39.4407472114974
"267",0.645733650316859,41.0702663496831
"268",0.901214512131085,42.6997854878689
"269",1.23969537394532,44.3293046260547
"270",1.42417623575955,45.9588237642404
"271",1.92865709757378,47.5883429024262
"272",1.833137959388,49.217862040612
"273",0.876618821202236,50.8473811787978
"274",-0.903900316983536,52.4769003169835
"275",-3.58141945516931,54.1064194551693
"276",-5.08493859335509,55.7359385933551
"277",-3.72356140664491,58.4685614066449
"278",-4.02408054483069,60.0980805448307
"279",-3.80359968301644,61.7275996830164
"280",-2.83411882120223,63.3571188212022
"281",-1.54563795938799,64.986637959388
"282",0.435842902426246,66.6161570975738
"283",2.31932376424046,68.2456762357595
"284",2.61680462605469,69.8751953739453
"285",2.62128548786894,71.5047145121311
"286",2.68176634968315,73.1342336503169
"287",3.09624721149738,74.7637527885026
"288",2.1597280733116,76.3932719266884
"289",-8.82278473997827,52.8227847399783
"290",-3.90334387816404,54.452303878164
"291",-11.5804630163498,56.0818230163498
"292",0.669777845464428,57.7113421545356
"293",3.77801870727865,59.3408612927213
"294",2.99697956909289,60.9703804309071
"295",2.92510043090712,62.5998995690929
"296",3.04458129272134,64.2294187072787
"297",2.83106215453558,65.8589378454644
"298",2.9375430163498,67.4884569836502
"299",2.91002387816403,69.117976121836
"300",2.21350473997826,70.7474952600217
"301",-4.29239473997829,54.9353947399783
"302",-1.44691387816406,56.5649138781641
"303",-0.331433016349826,58.1944330163498
"304",0.139047845464397,59.8239521545356
"305",0.169528707278625,61.4534712927214
"306",0.754009569092868,63.0829904309071
"307",1.94049043090709,64.7125095690929
"308",1.4259712927213,66.3420287072787
"309",0.449452154535559,67.9715478454644
"310",0.711933016349768,69.6010669836502
"311",0.451413878163997,71.230586121836
"312",0.0288947399782258,72.8601052600218
"313",-2.70439473997823,43.4193947399782
"314",-2.588913878164,45.048913878164
"315",-2.21143301634977,46.6784330163498
"316",-1.83595215453554,48.3079521545355
"317",-0.993471292721316,49.9374712927213
"318",-0.627990430907083,51.5669904309071
"319",-0.263509569092865,53.1965095690929
"320",0.0999712927213648,54.8260287072786
"321",1.4834521545356,56.4555478454644
"322",2.57493301634982,58.0850669836502
"323",3.25941387816405,59.7145861218359
"324",3.80789473997829,61.3441052600217
"325",3.56160526002174,35.5813947399783
"326",3.44108612183597,37.210913878164
"327",3.28156698365019,38.8404330163498
"328",3.58604784546441,40.4699521545356
"329",3.88952870727865,42.0994712927213
"330",4.07500956909289,43.7289904309071
"331",2.42549043090711,45.3585095690929
"332",0.423971292721331,46.9880287072787
"333",-3.06954784546442,48.6175478454644
"334",-7.66006698365021,50.2470669836502
"335",-6.91058612183597,51.876586121836
"336",-7.04410526002174,53.5061052600217
"337",-1.42856140664493,43.5395614066449
"338",-0.116080544830699,45.1690805448307
"339",1.63640031698354,46.7985996830165
"340",3.61188117879776,48.4281188212022
"341",4.84936204061199,50.057637959388
"342",3.93784290242622,51.6871570975738
"343",3.37832376424044,53.3166762357596
"344",2.52380462605467,54.9461953739453
"345",-0.142714512131085,56.5757145121311
"346",-5.24323365031687,58.2052336503169
"347",-6.86475278850264,59.8347527885026
"348",-6.14227192668841,61.4642719266884
"349",-4.01306140664492,61.2190614066449
"350",-2.82258054483069,62.8485805448307
"351",-1.63609968301647,64.4780996830165
"352",-0.683618821202232,66.1076188212022
"353",0.111862040611997,67.737137959388
"354",1.38334290242623,69.3666570975738
"355",2.45382376424045,70.9961762357595
"356",2.12630462605466,72.6256953739453
"357",1.45778548786891,74.2552145121311
"358",1.37526634968314,75.8847336503169
"359",0.60874721149736,77.5142527885026
"360",-0.361771926688406,79.1437719266884
"361",1.00318859335506,39.4738114066449
"362",1.3656694551693,41.1033305448307
"363",2.19715031698352,42.7328496830165
"364",2.98763117879775,44.3623688212022
"365",3.80911204061198,45.991887959388
"366",4.75259290242622,47.6214070975738
"367",4.73207376424044,49.2509262357596
"368",3.77455462605467,50.8804453739453
"369",-0.465964512131108,52.5099645121311
"370",-6.14848365031687,54.1394836503169
"371",-8.93700278850264,55.7690027885026
"372",-9.07052192668842,57.3985219266884
"373",0.11643859335505,61.093561406645
"374",2.04691945516928,62.7230805448307
"375",2.7774003169835,64.3525996830165
"376",2.51788117879773,65.9821188212023
"377",1.99836204061196,67.611637959388
"378",1.3988429024262,69.2411570975738
"379",-0.410676235759585,70.8706762357596
"380",-0.980195373945363,72.5001953739454
"381",-1.60271451213111,74.1297145121311
"382",-2.07923365031689,75.7592336503169
"383",-2.51275278850267,77.3887527885027
"384",-3.27027192668842,79.0182719266884
"385",-2.6617280733116,62.0827280733116
"386",-1.38724721149736,63.7122472114974
"387",-0.095766349683142,65.3417663496831
"388",1.31871451213109,66.9712854878689
"389",2.12219537394532,68.6008046260547
"390",2.41867623575956,70.2303237642404
"391",1.85715709757377,71.8598429024262
"392",0.684637959388001,73.489362040612
"393",-0.704881178797755,75.1188811787977
"394",-0.59740031698354,76.7484003169835
"395",-1.21991945516932,78.3779194551693
"396",-1.73443859335508,80.0074385933551
"397",4.32185526002176,62.5481447399782
"398",4.85233612183598,64.177663878164
"399",4.09281698365023,65.8071830163498
"400",2.94329784546444,67.4367021545356
"401",1.22377870727867,69.0662212927213
"402",0.0142595690929013,70.6957404309071
"403",-1.36525956909288,72.3252595690929
"404",-2.37477870727865,73.9547787072786
"405",-3.1842978454644,75.5842978454644
"406",-3.20381698365019,77.2138169836502
"407",-3.33333612183596,78.843336121836
"408",-3.98685526002172,80.4728552600217
"409",5.37218859335504,65.407811406645
"410",4.77266945516926,67.0373305448308
"411",3.68315031698349,68.6668496830165
"412",2.66363117879772,70.2963688212023
"413",1.54411204061195,71.925887959388
"414",1.13459290242619,73.5554070975738
"415",-0.554926235759599,75.1849262357596
"416",-2.01444537394538,76.8144453739454
"417",-3.11396451213112,78.4439645121311
"418",-3.9634836503169,80.0734836503169
"419",-4.52300278850268,81.7030027885027
"420",-5.00052192668845,83.3325219266884
"421",-2.60639473997825,37.4183947399782
"422",-1.71991387816402,39.047913878164
"423",-0.984433016349805,40.6774330163498
"424",-0.232952154535575,42.3069521545356
"425",0.429528707278659,43.9364712927213
"426",0.953009569092889,45.5659904309071
"427",1.61649043090711,47.1955095690929
"428",1.21497129272134,48.8250287072787
"429",1.14945215453557,50.4545478454644
"430",1.0729330163498,52.0840669836502
"431",-0.340586121835972,53.713586121836
"432",-0.552105260021743,55.3431052600217
"433",-6.66414473997826,52.5921447399783
"434",-4.39366387816403,54.221663878164
"435",-2.3921830163498,55.8511830163498
"436",-0.729702154535576,57.4807021545356
"437",0.520778707278656,59.1102212927213
"438",1.04825956909289,60.7397404309071
"439",1.3577404309071,62.3692595690929
"440",2.04722129272134,63.9987787072787
"441",2.82870215453558,65.6282978454644
"442",2.69918301634979,67.2578169836502
"443",1.95966387816402,68.887336121836
"444",1.71814473997826,70.5168552600217
"445",-5.49747807331158,53.8544780733116
"446",-4.12799721149735,55.4839972114974
"447",-2.47351634968312,57.1135163496831
"448",-2.0650354878689,58.7430354878689
"449",-1.57655462605467,60.3725546260547
"450",-0.692073764240428,62.0020737642404
"451",0.710407097573782,63.6315929024262
"452",1.96988795938801,65.261112040612
"453",2.72236882120226,66.8906311787977
"454",3.79184968301647,68.5201503169835
"455",4.0233305448307,70.1496694551693
"456",3.21481140664493,71.7791885933551
"457",-5.38764473997823,47.2806447399782
"458",-4.46616387816401,48.910163878164
"459",-3.54768301634978,50.5396830163498
"460",-2.87620215453556,52.1692021545356
"461",-2.66172129272133,53.7987212927213
"462",-2.10924043090709,55.4282404309071
"463",-1.05175956909288,57.0577595690929
"464",1.10972129272135,58.6872787072786
"465",3.3572021545356,60.3167978454644
"466",5.27068301634982,61.9463169836502
"467",6.23016387816405,63.5758361218359
"468",6.13264473997826,65.2053552600217
"469",-5.4089780733116,50.6709780733116
"470",-3.73049721149736,52.3004972114974
"471",-1.62301634968313,53.9300163496831
"472",0.295464512131088,55.5595354878689
"473",1.01794537394532,57.1890546260547
"474",-2.12257376424044,58.8185737642404
"475",-3.84409290242623,60.4480929024262
"476",1.076387959388,62.077612040612
"477",3.09086882120226,63.7071311787977
"478",4.19834968301646,65.3366503169835
"479",3.76783054483068,66.9661694551693
"480",3.28231140664492,68.5956885933551
"481",0.484355260021735,33.9976447399783
"482",0.355836121835961,35.627163878164
"483",0.228316983650175,37.2566830163498
"484",0.100797845464408,38.8862021545356
"485",0.0002787072786379,40.5157212927214
"486",-0.121240430907129,42.1452404309071
"487",-0.11275956909291,43.7747595690929
"488",0.259721292721323,45.4042787072787
"489",0.51120215453556,47.0337978454644
"490",-0.418316983650218,48.6633169836502
"491",-0.944836121835978,50.292836121836
"492",-0.343355260021766,51.9223552600218
"493",-1.10889473997824,37.0368947399782
"494",-0.619413878164013,38.666413878164
"495",-0.137933016349797,40.2959330163498
"496",0.263547845464431,41.9254521545356
"497",0.587028707278665,43.5549712927213
"498",-0.64949043090711,45.1844904309071
"499",-2.92400956909288,46.8140095690929
"500",-1.99052870727865,48.4435287072787
"501",-0.082047845464416,50.0730478454644
"502",1.6754330163498,51.7025669836502
"503",1.90791387816404,53.332086121836
"504",3.07839473997827,54.9616052600217
"505",-1.43539473997824,35.5133947399782
"506",-0.47591387816402,37.142913878164
"507",1.28656698365019,38.7724330163498
"508",1.71304784546442,40.4019521545356
"509",1.48352870727866,42.0314712927213
"510",0.849009569092885,43.6609904309071
"511",-0.374509569092894,45.2905095690929
"512",-0.236028707278662,46.9200287072787
"513",-0.458547845464426,48.5495478454644
"514",-0.777066983650199,50.1790669836502
"515",-1.08358612183597,51.808586121836
"516",-0.49110526002174,53.4381052600217
"517",2.52043859335506,64.0295614066449
"518",1.83091945516931,65.6590805448307
"519",1.46140031698355,67.2885996830164
"520",0.911881178797759,68.9181188212022
"521",0.322362040611999,70.547637959388
"522",0.342842902426222,72.1771570975738
"523",0.743323764240442,73.8066762357596
"524",-0.606195373945332,75.4361953739453
"525",-1.36571451213108,77.0657145121311
"526",-1.56523365031687,78.6952336503169
"527",-1.95475278850264,80.3247527885026
"528",-2.6412719266884,81.9542719266884
"529",2.02343859335505,65.3865614066449
"530",1.91391945516932,67.0160805448307
"531",1.86440031698355,68.6455996830165
"532",1.27488117879776,70.2751188212022
"533",0.475362040611983,71.904637959388
"534",0.295842902426228,73.5341570975738
"535",-0.273676235759557,75.1636762357596
"536",-0.453195373945328,76.7931953739453
"537",-0.962714512131085,78.4227145121311
"538",-1.41223365031687,80.0522336503169
"539",-2.09175278850265,81.6817527885027
"540",-2.65427192668841,83.3112719266884
"541",-5.25514473997823,42.2581447399782
"542",-4.888663878164,43.887663878164
"543",-5.02818301634978,45.5171830163498
"544",-2.54870215453556,47.1467021545356
"545",-0.0862212927213276,48.7762212927213
"546",2.38425956909291,50.4057404309071
"547",4.52874043090713,52.0352595690929
"548",6.52522129272136,53.6647787072786
"549",6.07170215453561,55.2942978454644
"550",3.53718301634982,56.9238169836502
"551",-1.79233612183595,58.553336121836
"552",-3.44785526002172,60.1828552600217
"553",-5.43822807331163,35.4382280733116
"554",-5.00274721149739,37.0677472114974
"555",-4.80126634968315,38.6972663496831
"556",-4.46978548786893,40.3267854878689
"557",-3.6483046260547,41.9563046260547
"558",-1.74382376424047,43.5858237642405
"559",0.364657097573753,45.2153429024262
"560",2.42013795938799,46.844862040612
"561",4.16961882120222,48.4743811787978
"562",5.75709968301644,50.1039003169836
"563",6.30758054483067,51.7334194551693
"564",6.08506140664491,53.3629385933551
"565",3.01793859335507,64.4820614066449
"566",2.9884194551693,66.1115805448307
"567",2.55890031698355,67.7410996830164
"568",1.42938117879777,69.3706188212022
"569",-0.000137959388002548,71.000137959388
"570",-0.12965709757376,72.6296570975738
"571",-0.459176235759547,74.2591762357595
"572",-1.04169537394533,75.8886953739453
"573",-1.44821451213108,77.5182145121311
"574",-1.80773365031686,79.1477336503169
"575",-2.10725278850264,80.7772527885026
"576",-3.00077192668839,82.4067719266884
"577",-0.229311406644903,43.3783114066449
"578",-0.228830544830666,45.0078305448307
"579",-0.185349683016445,46.6373496830164
"580",-0.194868821202218,48.2668688212022
"581",-0.0213879593879907,49.896387959388
"582",0.230092902426248,51.5259070975738
"583",0.588573764240466,53.1554262357595
"584",0.944054626054693,54.7849453739453
"585",1.08653548786894,56.4144645121311
"586",0.512016349683156,58.0439836503168
"587",-1.22050278850262,59.6735027885026
"588",-1.28102192668839,61.3030219266884
"589",1.08918859335505,64.770811406645
"590",1.45966945516929,66.4003305448307
"591",1.48015031698354,68.0298496830165
"592",1.34063117879775,69.6593688212022
"593",1.05111204061198,71.288887959388
"594",0.76159290242622,72.9184070975738
"595",0.692073764240431,74.5479262357596
"596",0.492554626054655,76.1774453739453
"597",-0.776964512131091,77.8069645121311
"598",-1.56748365031689,79.4364836503169
"599",-2.81000278850266,81.0660027885027
"600",-3.21252192668841,82.6955219266884
"601",-5.74406140664493,47.7670614066449
"602",-5.25458054483069,49.3965805448307
"603",-4.07209968301648,51.0260996830165
"604",-2.63961882120225,52.6556188212023
"605",-0.54713795938802,54.285137959388
"606",0.114342902426221,55.9146570975738
"607",0.59282376424044,57.5441762357596
"608",1.60830462605466,59.1736953739453
"609",2.56978548786891,60.8032145121311
"610",3.88926634968313,62.4327336503169
"611",4.91574721149734,64.0622527885026
"612",4.5672280733116,65.6917719266884
"613",-0.668478073311585,34.2774780733116
"614",-1.34899721149736,35.9069972114974
"615",-1.78351634968313,37.5365163496831
"616",-1.96903548786891,39.1660354878689
"617",-1.95355462605468,40.7955546260547
"618",-1.66307376424045,42.4250737642405
"619",-1.16359290242623,44.0545929024262
"620",-0.132112040611993,45.684112040612
"621",1.26236882120224,47.3136311787978
"622",2.51184968301646,48.9431503169835
"623",3.1033305448307,50.5726694551693
"624",3.80481140664492,52.2021885933551
"625",2.25210526002173,30.2478947399783
"626",1.61158612183597,31.877413878164
"627",0.981066983650212,33.5069330163498
"628",0.355547845464423,35.1364521545356
"629",-0.279971292721347,36.7659712927213
"630",-0.930490430907109,38.3954904309071
"631",-0.698009569092891,40.0250095690929
"632",-0.409528707278663,41.6545287072787
"633",-0.0180478454644137,43.2840478454644
"634",-0.0405669836501956,44.9135669836502
"635",-1.03908612183596,46.543086121836
"636",-1.78460526002175,48.1726052600217
"637",-3.62389473997825,41.2028947399782
"638",-2.13641387816402,42.832413878164
"639",-0.871933016349801,44.4619330163498
"640",0.151547845464424,46.0914521545356
"641",0.321028707278651,47.7209712927214
"642",0.572509569092891,49.3504904309071
"643",0.48099043090711,50.9800095690929
"644",1.02647129272134,52.6095287072787
"645",0.849952154535579,54.2390478454644
"646",0.802433016349797,55.8685669836502
"647",0.638913878164025,57.498086121836
"648",1.78839473997826,59.1276052600217
"649",-7.04647807331159,48.9584780733116
"650",-5.92299721149735,50.5879972114974
"651",-4.17651634968314,52.2175163496831
"652",-2.92303548786891,53.8470354878689
"653",-1.59255462605468,55.4765546260547
"654",0.295926235759556,57.1060737642404
"655",2.17340709757377,58.7355929024262
"656",4.126887959388,60.365112040612
"657",4.40436882120226,61.9946311787977
"658",4.03484968301647,63.6241503169835
"659",3.31133054483068,65.2536694551693
"660",3.31481140664492,66.8831885933551
"661",-3.57047807331159,64.5304780733116
"662",-1.40999721149735,66.1599972114974
"663",-0.139516349683132,67.7895163496831
"664",0.580964512131075,69.4190354878689
"665",0.951445373945323,71.0485546260547
"666",0.92192623575955,72.6780737642404
"667",1.14240709757378,74.3075929024262
"668",0.262887959387996,75.937112040612
"669",0.0343688212022511,77.5666311787977
"670",0.803849683016459,79.1961503169835
"671",0.66933054483068,80.8256694551693
"672",-0.247188593355076,82.4551885933551
"673",3.59918859335508,60.4308114066449
"674",4.34966945516931,62.0603305448307
"675",4.27015031698353,63.6898496830165
"676",4.18063117879775,65.3193688212022
"677",2.811112040612,66.948887959388
"678",1.37159290242623,68.5784070975738
"679",-0.817926235759546,70.2079262357595
"680",-2.25744537394534,71.8374453739453
"681",-4.29696451213105,73.4669645121311
"682",-4.05648365031686,75.0964836503169
"683",-4.13600278850265,76.7260027885027
"684",-5.0175219266884,78.3555219266884
"685",4.94093859335505,67.5490614066449
"686",4.29141945516931,69.1785805448307
"687",2.87190031698356,70.8080996830165
"688",1.29238117879777,72.4376188212022
"689",0.392862040611993,74.067137959388
"690",0.413342902426225,75.6966570975738
"691",-0.336176235759565,77.3261762357596
"692",-1.72569537394533,78.9556953739453
"693",-1.81521451213107,80.5852145121311
"694",-3.26473365031686,82.2147336503169
"695",-3.34425278850266,83.8442527885027
"696",-3.7167719266884,85.4737719266884
"697",-6.83072807331159,44.2037280733116
"698",-5.58424721149735,45.8332472114974
"699",-3.85776634968314,47.4627663496831
"700",-1.89928548786891,49.0922854878689
"701",-0.0708046260546766,50.7218046260547
"702",1.85667623575956,52.3513237642404
"703",2.61515709757378,53.9808429024262
"704",2.942637959388,55.610362040612
"705",2.98311882120225,57.2398811787977
"706",2.89559968301647,58.8694003169835
"707",2.38008054483069,60.4989194551693
"708",2.56956140664492,62.1284385933551
"709",-7.90539473997826,45.3733947399783
"710",-7.08491387816402,47.002913878164
"711",-6.11443301634981,48.6324330163498
"712",-4.29795215453559,50.2619521545356
"713",-2.68847129272135,51.8914712927214
"714",-0.818990430907119,53.5209904309071
"715",1.0084904309071,55.1505095690929
"716",3.35697129272132,56.7800287072787
"717",4.27145215453558,58.4095478454644
"718",6.0019330163498,60.0390669836502
"719",6.91941387816401,61.668586121836
"720",7.35189473997825,63.2981052600218
"721",-4.80522807331157,49.6742280733116
"722",-4.12274721149734,51.3037472114973
"723",-3.60826634968311,52.9332663496831
"724",-2.09378548786889,54.5627854878689
"725",-0.958304626054654,56.1923046260547
"726",-0.119823764240422,57.8218237642404
"727",0.168657097573794,59.4513429024262
"728",1.95913795938802,61.080862040612
"729",3.03161882120228,62.7103811787977
"730",3.70209968301649,64.3399003169835
"731",3.4815805448307,65.9694194551693
"732",3.36506140664495,67.5989385933551
"733",-2.29939473997826,47.6193947399783
"734",-0.811913878164035,49.248913878164
"735",0.578566983650191,50.8784330163498
"736",1.95104784546442,52.5079521545356
"737",2.81252870727866,54.1374712927213
"738",4.64600956909288,55.7669904309071
"739",4.6414904309071,57.3965095690929
"740",6.01797129272133,59.0260287072787
"741",-1.19454784546442,60.6555478454644
"742",-3.47406698365021,62.2850669836502
"743",-6.86858612183599,63.914586121836
"744",-5.99910526002174,65.5441052600217
"745",2.85510526002172,64.0548947399783
"746",3.21558612183597,65.684413878164
"747",2.97606698365021,67.3139330163498
"748",2.13654784546442,68.9434521545356
"749",0.707028707278666,70.5729712927213
"750",-0.172490430907104,72.2024904309071
"751",-0.732009569092882,73.8320095690929
"752",-1.10152870727867,75.4615287072787
"753",-1.62404784546442,77.0910478454644
"754",-2.59856698365021,78.7205669836502
"755",-2.567086121836,80.350086121836
"756",-3.09460526002173,81.9796052600217
"757",0.706521926688391,64.6834780733116
"758",1.52700278850263,66.3129972114974
"759",1.44748365031687,67.9425163496831
"760",1.17796451213109,69.5720354878689
"761",0.428445373945326,71.2015546260547
"762",0.228926235759561,72.8310737642404
"763",-0.0105929024262076,74.4605929024262
"764",-0.490112040612006,76.090112040612
"765",-0.789631178797741,77.7196311787977
"766",-1.08015031698353,79.3491503169835
"767",-1.28266945516933,80.9786694551693
"768",-1.86318859335507,82.6081885933551
"769",0.888521926688393,65.0514780733116
"770",1.12900278850263,66.6809972114974
"771",0.929483650316857,68.3105163496831
"772",1.1199645121311,69.9400354878689
"773",0.620445373945334,71.5695546260547
"774",0.280926235759567,73.1990737642404
"775",0.151407097573793,74.8285929024262
"776",-0.0381120406120012,76.458112040612
"777",-0.647631178797742,78.0876311787977
"778",-0.897150316983541,79.7171503169835
"779",-1.10666945516933,81.3466694551693
"780",-2.43018859335506,82.9761885933551
"781",-1.25697807331158,59.7869780733116
"782",1.19350278850265,61.4164972114974
"783",2.56398365031687,63.0460163496831
"784",2.83446451213109,64.6755354878689
"785",2.69494537394533,66.3050546260547
"786",2.17542623575957,67.9345737642404
"787",1.64590709757378,69.5640929024262
"788",0.576387959388,71.193612040612
"789",-1.05713117879775,72.8231311787978
"790",-2.19065031698353,74.4526503169835
"791",-4.03516945516934,76.0821694551693
"792",-5.14468859335507,77.7116885933551
"793",-2.83456140664492,65.8645614066449
"794",-1.99408054483069,67.4940805448307
"795",-0.393599683016468,69.1235996830165
"796",0.676881178797763,70.7531188212022
"797",1.037362040612,72.382637959388
"798",1.36784290242622,74.0121570975738
"799",1.46832376424044,75.6416762357596
"800",1.39880462605465,77.2711953739453
"801",0.459285487868938,78.9007145121311
"802",0.159766349683133,80.5302336503169
"803",-0.159752788502672,82.1597527885027
"804",-1.18627192668841,83.7892719266884
"805",-7.66606140664492,50.8240614066449
"806",-6.78458054483068,52.4535805448307
"807",-5.95709968301647,54.0830996830165
"808",-4.08361882120224,55.7126188212022
"809",-0.814137959388003,57.342137959388
"810",2.16234290242623,58.9716570975738
"811",3.13782376424045,60.6011762357595
"812",3.63830462605467,62.2306953739453
"813",4.15478548786893,63.8602145121311
"814",4.28226634968315,65.4897336503169
"815",4.14374721149735,67.1192527885026
"816",3.7862280733116,68.7487719266884
"817",-1.44864473997826,43.7186447399783
"818",-0.662163878164029,45.348163878164
"819",0.971316983650194,46.9776830163498
"820",2.04679784546441,48.6072021545356
"821",3.32227870727865,50.2367212927213
"822",4.28875956909289,51.8662404309071
"823",5.27024043090711,53.4957595690929
"824",4.21372129272133,55.1252787072787
"825",2.53020215453558,56.7547978454644
"826",-3.97731698365021,58.3843169836502
"827",-9.02183612183599,60.013836121836
"828",-7.53335526002174,61.6433552600217
"829",-4.5889780733116,54.6449780733116
"830",-2.19349721149737,56.2744972114974
"831",-1.24801634968314,57.9040163496831
"832",0.408464512131085,59.5335354878689
"833",2.81994537394532,61.1630546260547
"834",4.36642623575956,62.7925737642405
"835",4.67790709757378,64.4220929024262
"836",4.595387959388,66.051612040612
"837",2.29686882120224,67.6811311787978
"838",-1.58365031698353,69.3106503169835
"839",-4.27816945516932,70.9401694551693
"840",-5.27268859335507,72.5696885933551
"841",-8.58564473997825,56.0386447399783
"842",-4.98716387816401,57.668163878164
"843",-4.00568301634979,59.2976830163498
"844",-3.21120215453557,60.9272021545356
"845",0.0552787072786703,62.5567212927213
"846",0.579759569092914,64.1862404309071
"847",1.30724043090712,65.8157595690929
"848",2.36472129272134,67.4452787072787
"849",3.16920215453559,69.0747978454644
"850",3.94268301634982,70.7043169836502
"851",4.71116387816402,72.333836121836
"852",4.65964473997828,73.9633552600217
"853",-4.39497807331158,59.9599780733116
"854",-3.55649721149735,61.5894972114973
"855",-2.74901634968312,63.2190163496831
"856",-0.224535487868907,64.8485354878689
"857",1.23394537394535,66.4780546260546
"858",1.23542623575958,68.1075737642404
"859",1.5719070975738,69.7370929024262
"860",2.80738795938802,71.366612040612
"861",2.19386882120226,72.9961311787977
"862",1.53034968301649,74.6256503169835
"863",0.648830544830682,76.2551694551693
"864",-0.29668859335506,77.8846885933551
"865",-0.975311406644924,56.9033114066449
"866",0.956169455169312,58.5328305448307
"867",1.93165031698353,60.1623496830165
"868",2.07813117879774,61.7918688212023
"869",1.99961204061201,63.421387959388
"870",1.04809290242623,65.0509070975738
"871",0.302573764240442,66.6804262357596
"872",-0.383945373945337,68.3099453739453
"873",-0.647464512131075,69.9394645121311
"874",-1.30398365031686,71.5689836503169
"875",-2.17050278850266,73.1985027885027
"876",-2.8350219266884,74.8280219266884
"877",1.09327192668842,41.0447280733116
"878",2.37275278850264,42.6742472114974
"879",3.44323365031687,44.3037663496831
"880",2.55871451213109,45.9332854878689
"881",2.20419537394533,47.5628046260547
"882",3.01567623575956,49.1923237642404
"883",4.25615709757379,50.8218429024262
"884",4.72863795938801,52.451362040612
"885",5.60411882120226,54.0808811787977
"886",-0.152400316983529,55.7104003169835
"887",-12.7469194551693,57.3399194551693
"888",-16.3774385933551,58.9694385933551
"889",4.96610526002174,33.5138947399783
"890",4.34258612183597,35.143413878164
"891",3.7290669836502,36.7729330163498
"892",3.13354784546441,38.4024521545356
"893",2.58202870727865,40.0319712927214
"894",2.10250956909288,41.6614904309071
"895",1.5609904309071,43.2910095690929
"896",1.10647129272134,44.9205287072787
"897",-5.74804784546442,46.5500478454644
"898",-5.9585669836502,48.1795669836502
"899",-6.05608612183597,49.809086121836
"900",-5.76060526002176,51.4386052600218
"901",-7.61881140664492,50.3418114066449
"902",-6.68233054483069,51.9713305448307
"903",-5.79284968301646,53.6008496830165
"904",-5.00336882120225,55.2303688212022
"905",-4.086887959388,56.859887959388
"906",-1.04740709757377,58.4894070975738
"907",2.03607376424044,60.1189262357596
"908",4.48555462605466,61.7484453739453
"909",5.37703548786893,63.3779645121311
"910",6.54751634968314,65.0074836503169
"911",6.09999721149734,66.6370027885027
"912",5.6854780733116,68.2665219266884
"913",-2.12722807331159,38.8082280733116
"914",-1.57274721149735,40.4377472114974
"915",-1.21926634968313,42.0672663496831
"916",-0.81578548786892,43.6967854878689
"917",-0.475304626054678,45.3263046260547
"918",-0.0748237642404473,46.9558237642404
"919",0.383657097573784,48.5853429024262
"920",-0.86486204061199,50.214862040612
"921",0.369618821202238,51.8443811787978
"922",1.50409968301647,53.4739003169835
"923",2.18258054483069,55.1034194551693
"924",2.71006140664492,56.7329385933551
"925",1.86677192668842,34.3892280733116
"926",1.18825278850265,36.0187472114974
"927",0.761733650316868,37.6482663496831
"928",0.209214512131083,39.2777854878689
"929",0.858695373945318,40.9073046260547
"930",1.23017623575955,42.5368237642404
"931",1.47565709757379,44.1663429024262
"932",1.66113795938801,45.795862040612
"933",1.99461882120224,47.4253811787978
"934",-1.55990031698353,49.0549003169835
"935",-5.67541945516929,50.6844194551693
"936",-4.01093859335508,52.3139385933551
"937",-6.85422807331159,55.3172280733116
"938",-4.84474721149735,56.9467472114974
"939",-2.83926634968313,58.5762663496831
"940",-0.834785487868919,60.2057854878689
"941",1.17469537394533,61.8353046260547
"942",1.79117623575956,63.4648237642404
"943",2.90565709757378,65.0943429024262
"944",2.776137959388,66.723862040612
"945",2.33961882120226,68.3533811787977
"946",1.95509968301647,69.9829003169835
"947",1.43158054483067,71.6124194551693
"948",0.999061406644927,73.2419385933551
"949",-0.766144739978245,34.4511447399782
"950",-0.773663878164018,36.080663878164
"951",-0.774183016349795,37.7101830163498
"952",-0.852702154535582,39.3397021545356
"953",-0.99222129272135,40.9692212927213
"954",-0.884740430907124,42.5987404309071
"955",-0.312259569092886,44.2282595690929
"956",0.50622129272134,45.8577787072787
"957",0.900702154535567,47.4872978454644
"958",0.786183016349797,49.1168169836502
"959",1.07166387816402,50.746336121836
"960",2.09114473997826,52.3758552600217
"961",-2.79672807331159,43.3397280733116
"962",-2.63124721149734,44.9692472114973
"963",-2.35076634968313,46.5987663496831
"964",-1.93928548786891,48.2282854878689
"965",-1.42080462605467,49.8578046260547
"966",-0.635323764240439,51.4873237642404
"967",0.482157097573776,53.1168429024262
"968",1.39863795938802,54.746362040612
"969",1.95711882120225,56.3758811787977
"970",2.42459968301648,58.0054003169835
"971",2.61208054483069,59.6349194551693
"972",2.89956140664494,61.2644385933551
"973",-5.00489473997826,55.9908947399783
"974",0.468586121835976,57.620413878164
"975",0.996066983650207,59.2499330163498
"976",0.677547845464416,60.8794521545356
"977",0.435028707278663,62.5089712927213
"978",0.791509569092899,64.1384904309071
"979",0.942990430907099,65.7680095690929
"980",1.34247129272133,67.3975287072787
"981",0.717952154535588,69.0270478454644
"982",0.0794330163498055,70.6565669836502
"983",-0.332086121835998,72.286086121836
"984",-1.11460526002173,73.9156052600217
"985",-5.65747807331159,56.4464780733116
"986",-2.88599721149736,58.0759972114974
"987",-1.40651634968313,59.7055163496831
"988",-1.22503548786891,61.3350354878689
"989",-0.603554626054672,62.9645546260547
"990",0.437926235759563,64.5940737642404
"991",1.18140709757378,66.2235929024262
"992",1.64488795938801,67.853112040612
"993",1.97236882120224,69.4826311787978
"994",2.55784968301647,71.1121503169835
"995",2.16033054483068,72.7416694551693
"996",1.82381140664492,74.3711885933551
"997",-4.68397807331157,46.9279780733116
"998",-3.30949721149734,48.5574972114973
"999",-1.93601634968311,50.1870163496831
"1000",-0.563535487868898,51.8165354878689
"1001",0.30794537394535,53.4460546260546
"1002",0.41542623575958,55.0755737642404
"1003",0.783907097573791,56.7050929024262
"1004",1.88738795938802,58.334612040612
"1005",1.30686882120227,59.9641311787977
"1006",2.03134968301649,61.5936503169835
"1007",1.80983054483071,63.2231694551693
"1008",1.95031140664494,64.8526885933551
"1009",-2.17281140664492,61.3368114066449
"1010",-1.51833054483068,62.9663305448307
"1011",-0.867849683016458,64.5958496830165
"1012",0.952631178797751,66.2253688212023
"1013",2.781112040612,67.854887959388
"1014",3.58159290242624,69.4844070975738
"1015",2.98707376424045,71.1139262357595
"1016",2.12155462605466,72.7434453739453
"1017",1.06203548786892,74.3729645121311
"1018",-0.557483650316874,76.0024836503169
"1019",-3.65100278850266,77.6320027885027
"1020",-4.71852192668839,79.2615219266884
"1021",-5.77347807331159,48.6464780733116
"1022",-4.85299721149735,50.2759972114973
"1023",-3.98151634968313,51.9055163496831
"1024",-3.20003548786891,53.5350354878689
"1025",-2.30255462605466,55.1645546260547
"1026",-1.06407376424043,56.7940737642404
"1027",1.22640709757378,58.4235929024262
"1028",2.62388795938801,60.053112040612
"1029",3.71036882120226,61.6826311787977
"1030",4.34784968301648,63.3121503169835
"1031",4.67333054483069,64.9416694551693
"1032",4.59281140664494,66.5711885933551
"1033",-0.131144739978265,31.4171447399783
"1034",0.732336121835972,33.046663878164
"1035",1.48481698365021,34.6761830163498
"1036",1.80729784546443,36.3057021545356
"1037",2.39277870727866,37.9352212927213
"1038",2.93025956909288,39.5647404309071
"1039",1.60074043090711,41.1942595690929
"1040",0.0372212927213314,42.8237787072787
"1041",-0.169297845464415,44.4532978454644
"1042",0.261183016349807,46.0828169836502
"1043",-3.68633612183594,47.7123361218359
"1044",-7.25985526002175,49.3418552600218
"1045",-8.04031140664492,44.3593114066449
"1046",-4.08383054483069,45.9888305448307
"1047",-2.51034968301647,47.6183496830165
"1048",0.13113117879775,49.2478688212022
"1049",2.19261204061199,50.877387959388
"1050",3.55209290242622,52.5069070975738
"1051",3.91957376424044,54.1364262357596
"1052",2.57305462605467,55.7659453739453
"1053",1.92453548786892,57.3954645121311
"1054",1.30301634968314,59.0249836503169
"1055",-0.746502788502651,60.6545027885027
"1056",-0.2150219266884,62.2840219266884
"1057",-2.80397807331159,44.5289780733116
"1058",-0.932497211497359,46.1584972114974
"1059",0.597983650316872,47.7880163496831
"1060",1.74146451213108,49.4175354878689
"1061",2.81994537394533,51.0470546260547
"1062",3.76042623575955,52.6765737642404
"1063",4.66190709757378,54.3060929024262
"1064",4.899387959388,55.935612040612
"1065",4.43386882120225,57.5651311787977
"1066",-0.285650316983527,59.1946503169835
"1067",-9.34516945516931,60.8241694551693
"1068",-9.54768859335507,62.4536885933551
"1069",-3.8669780733116,40.0239780733116
"1070",-3.96749721149736,41.6534972114974
"1071",-3.89001634968314,43.2830163496831
"1072",-3.44053548786893,44.9125354878689
"1073",-2.57105462605469,46.5420546260547
"1074",-1.42357376424046,48.1715737642405
"1075",-0.207092902426224,49.8010929024262
"1076",1.10638795938799,51.430612040612
"1077",2.66686882120224,53.0601311787978
"1078",4.73634968301647,54.6896503169835
"1079",5.02083054483069,56.3191694551693
"1080",5.83631140664492,57.9486885933551
"1081",5.44385526002173,66.6861447399783
"1082",4.67433612183597,68.315663878164
"1083",3.2848169836502,69.9451830163498
"1084",2.24529784546441,71.5747021545356
"1085",0.545778707278683,73.2042212927213
"1086",0.406259569092894,74.8337404309071
"1087",-0.413259569092891,76.4632595690929
"1088",-1.26277870727867,78.0927787072787
"1089",-2.30229784546442,79.7222978454644
"1090",-3.32181698365019,81.3518169836502
"1091",-4.451336121836,82.981336121836
"1092",-4.84885526002173,84.6108552600217
"1093",4.36285526002175,65.0271447399783
"1094",3.60333612183599,66.656663878164
"1095",2.9538169836502,68.2861830163498
"1096",1.60429784546443,69.9157021545356
"1097",0.344778707278692,71.5452212927213
"1098",-0.954740430907095,73.1747404309071
"1099",-0.964259569092867,74.8042595690929
"1100",-2.11377870727868,76.4337787072787
"1101",-1.73329784546441,78.0632978454644
"1102",-2.14281698365019,79.6928169836502
"1103",-2.21233612183599,81.322336121836
"1104",-2.74785526002173,82.9518552600217
"1105",-7.07306140664492,49.3870614066449
"1106",-5.58458054483069,51.0165805448307
"1107",-4.01409968301647,52.6460996830165
"1108",-2.39161882120225,54.2756188212023
"1109",-0.754137959388001,55.905137959388
"1110",-0.064657097573777,57.5346570975738
"1111",0.133823764240445,59.1641762357596
"1112",1.21430462605467,60.7936953739453
"1113",3.41978548786892,62.4232145121311
"1114",4.37326634968315,64.0527336503169
"1115",5.15374721149735,65.6822527885027
"1116",5.58722807331161,67.3117719266884
"1117",1.84768859335509,35.5963114066449
"1118",1.37216945516931,37.2258305448307
"1119",0.631650316983542,38.8553496830165
"1120",-0.366868821202254,40.4848688212023
"1121",-1.56838795938801,42.114387959388
"1122",-2.45290709757379,43.7439070975738
"1123",-2.77542623575957,45.3734262357596
"1124",-2.44794537394534,47.0029453739453
"1125",-1.2414645121311,48.6324645121311
"1126",1.05101634968314,50.2619836503169
"1127",2.60449721149736,51.8915027885026
"1128",3.34597807331159,53.5210219266884
"1129",1.70502192668842,34.6189780733116
"1130",1.55350278850265,36.2484972114974
"1131",1.48198365031687,37.8780163496831
"1132",1.53246451213107,39.5075354878689
"1133",1.68394537394532,41.1370546260547
"1134",1.74742623575955,42.7665737642404
"1135",1.42990709757378,44.3960929024262
"1136",0.860387959388006,46.025612040612
"1137",-0.183131178797766,47.6551311787978
"1138",-1.82065031698352,49.2846503169835
"1139",-4.30616945516929,50.9141694551693
"1140",-5.68468859335508,52.5436885933551
"1141",5.78935526002174,66.8806447399783
"1142",4.92983612183598,68.510163878164
"1143",3.3303169836502,70.1396830163498
"1144",2.31079784546443,71.7692021545356
"1145",0.941278707278699,73.3987212927213
"1146",0.341759569092908,75.0282404309071
"1147",-0.687759569092886,76.6577595690929
"1148",-2.39727870727867,78.2872787072787
"1149",-2.59679784546442,79.9167978454644
"1150",-3.2263169836502,81.5463169836502
"1151",-4.12583612183599,83.175836121836
"1152",-4.60935526002173,84.8053552600217
"1153",-11.9023114066449,49.4803114066449
"1154",-11.0298305448307,51.1098305448307
"1155",-9.57434968301646,52.7393496830165
"1156",-7.38086882120226,54.3688688212023
"1157",-3.85538795938801,55.998387959388
"1158",-0.260907097573781,57.6279070975738
"1159",3.47057376424043,59.2574262357596
"1160",6.84705462605465,60.8869453739453
"1161",8.68053548786891,62.5164645121311
"1162",8.35301634968313,64.1459836503169
"1163",8.41749721149733,65.7755027885027
"1164",8.2349780733116,67.4050219266884
"1165",-2.48389473997826,45.9198947399783
"1166",-1.99241387816402,47.549413878164
"1167",-1.5089330163498,49.1789330163498
"1168",-1.00845215453559,50.8084521545356
"1169",-0.508971292721337,52.4379712927213
"1170",-0.0244904309071059,54.0674904309071
"1171",0.460990430907107,55.6970095690929
"1172",0.918471292721332,57.3265287072787
"1173",1.88195215453558,58.9560478454644
"1174",1.2324330163498,60.5855669836502
"1175",1.39491387816402,62.215086121836
"1176",1.63839473997827,63.8446052600217
"1177",-3.64839473997826,58.8393947399783
"1178",-1.26791387816402,60.468913878164
"1179",-0.281433016349793,62.0984330163498
"1180",0.343047845464411,63.7279521545356
"1181",0.858528707278661,65.3574712927213
"1182",1.6940095690929,66.9869904309071
"1183",1.8554904309071,68.6165095690929
"1184",1.27697129272131,70.2460287072787
"1185",0.586452154535579,71.8755478454644
"1186",0.232933016349797,73.5050669836502
"1187",-0.422586121835992,75.134586121836
"1188",-1.22710526002173,76.7641052600217
"1189",4.80227192668842,57.8467280733116
"1190",3.71975278850266,59.4762472114973
"1191",3.25523365031689,61.1057663496831
"1192",2.21571451213108,62.7352854878689
"1193",1.45019537394534,64.3648046260547
"1194",0.358676235759564,65.9943237642404
"1195",-0.74984290242622,67.6238429024262
"1196",-1.87536204061201,69.253362040612
"1197",-2.65788117879774,70.8828811787977
"1198",-3.11240031698352,72.5124003169835
"1199",-3.38691945516932,74.1419194551693
"1200",-4.01943859335506,75.7714385933551
"1201",-5.99497807331157,49.8969780733116
"1202",-5.26349721149734,51.5264972114973
"1203",-4.06001634968312,53.1560163496831
"1204",-3.34053548786891,54.7855354878689
"1205",-0.967054626054651,56.4150546260546
"1206",0.402426235759583,58.0445737642404
"1207",1.73190709757379,59.6740929024262
"1208",2.83038795938801,61.303612040612
"1209",3.52486882120227,62.9331311787977
"1210",3.82334968301648,64.5626503169835
"1211",3.7138305448307,66.1921694551693
"1212",3.59931140664495,67.821688593355
"1213",-4.25289473997826,52.0048947399783
"1214",-2.30041387816402,53.634413878164
"1215",-0.506933016349798,55.2639330163498
"1216",-0.500452154535586,56.8934521545356
"1217",-0.457971292721335,58.5229712927213
"1218",-0.0924904309070999,60.1524904309071
"1219",0.299990430907105,61.7820095690929
"1220",0.739471292721321,63.4115287072787
"1221",1.41695215453559,65.0410478454644
"1222",1.89343301634979,66.6705669836502
"1223",2.002913878164,68.300086121836
"1224",1.75839473997827,69.9296052600217
"1225",0.0954385933550783,61.2145614066449
"1226",2.92591945516931,62.8440805448307
"1227",3.16640031698354,64.4735996830165
"1228",3.50688117879774,66.1031188212023
"1229",3.117362040612,67.732637959388
"1230",1.30784290242624,69.3621570975738
"1231",0.328323764240438,70.9916762357596
"1232",-1.64119537394534,72.6211953739453
"1233",-3.26071451213109,74.2507145121311
"1234",-3.13023365031686,75.8802336503169
"1235",-2.83975278850266,77.5097527885027
"1236",-3.57627192668839,79.1392719266884
"1237",-1.63747807331159,61.4574780733116
"1238",-1.57699721149734,63.0869972114973
"1239",-0.326516349683126,64.7165163496831
"1240",0.253964512131066,66.3460354878689
"1241",1.28444537394534,67.9755546260547
"1242",0.804926235759563,69.6050737642404
"1243",1.53540709757377,71.2345929024262
"1244",1.19588795938799,72.864112040612
"1245",0.366368821202249,74.4936311787978
"1246",-0.153150316983537,76.1231503169835
"1247",-0.462669455169328,77.7526694551693
"1248",-1.28418859335507,79.3821885933551
"1249",0.503021926688406,63.7769780733116
"1250",3.13350278850264,65.4064972114974
"1251",2.58398365031686,67.0360163496832
"1252",2.43446451213107,68.6655354878689
"1253",1.86494537394534,70.2950546260547
"1254",1.51542623575956,71.9245737642404
"1255",0.195907097573777,73.5540929024262
"1256",-0.553612040612028,75.183612040612
"1257",-2.90213117879775,76.8131311787977
"1258",-3.52565031698354,78.4426503169835
"1259",-2.29416945516933,80.0721694551693
"1260",-2.95568859335507,81.7016885933551
"1261",-4.95789473997826,57.6818947399783
"1262",-4.22141387816401,59.311413878164
"1263",-3.2749330163498,60.9409330163498
"1264",-2.02845215453559,62.5704521545356
"1265",0.0740287072786695,64.1999712927213
"1266",1.23450956909289,65.8294904309071
"1267",2.42599043090712,67.4590095690929
"1268",2.82447129272132,69.0885287072787
"1269",2.89695215453558,70.7180478454644
"1270",2.42443301634981,72.3475669836502
"1271",1.76691387816401,73.977086121836
"1272",0.835394739978267,75.6066052600217
"1273",1.72168859335507,59.3283114066449
"1274",3.1421694551693,60.9578305448307
"1275",4.21265031698353,62.5873496830165
"1276",2.58313117879772,64.2168688212023
"1277",3.36361204061198,65.846387959388
"1278",1.98409290242622,67.4759070975738
"1279",0.554573764240433,69.1054262357596
"1280",-1.20494537394536,70.7349453739454
"1281",-3.00446451213109,72.3644645121311
"1282",-4.27398365031688,73.9939836503169
"1283",-4.30150278850267,75.6235027885027
"1284",-4.7770219266884,77.2530219266884
"1285",7.4807719266884,32.5192280733116
"1286",7.35125278850265,34.1487472114974
"1287",7.22173365031686,35.7782663496831
"1288",6.69221451213106,37.4077854878689
"1289",5.56269537394531,39.0373046260547
"1290",4.33317623575954,40.6668237642405
"1291",3.92165709757377,42.2963429024262
"1292",0.0941379593879915,43.925862040612
"1293",-21.9563811787978,45.5553811787978
"1294",-11.0979003169835,47.1849003169835
"1295",-5.4014194551693,48.8144194551693
"1296",-4.20193859335509,50.4439385933551
"1297",-2.4629780733116,48.9339780733116
"1298",-1.61849721149735,50.5634972114973
"1299",-0.300016349683133,52.1930163496831
"1300",0.602464512131076,53.8225354878689
"1301",1.02794537394533,55.4520546260547
"1302",1.46842623575956,57.0815737642404
"1303",1.63990709757377,58.7110929024262
"1304",1.38738795938799,60.340612040612
"1305",0.771868821202252,61.9701311787977
"1306",-0.293650316983535,63.5996503169835
"1307",-0.892169455169317,65.2291694551693
"1308",-1.33068859335507,66.8586885933551
"1309",-9.84139473997827,49.7163947399783
"1310",-8.47791387816402,51.345913878164
"1311",-7.06143301634981,52.9754330163498
"1312",-4.70395215453559,54.6049521545356
"1313",-2.34847129272133,56.2344712927213
"1314",0.826009569092892,57.8639904309071
"1315",3.5184904309071,59.4935095690929
"1316",5.17197129272133,61.1230287072787
"1317",6.01545215453559,62.7525478454644
"1318",6.1509330163498,64.3820669836502
"1319",5.61441387816402,66.011586121836
"1320",5.13589473997827,67.6411052600217
"1321",-4.38556140664491,41.6635614066449
"1322",-3.96408054483068,43.2930805448307
"1323",-3.46859968301646,44.9225996830165
"1324",-2.98911882120226,46.5521188212023
"1325",-2.36663795938801,48.181637959388
"1326",-0.932157097573772,49.8111570975738
"1327",0.93832376424044,51.4406762357596
"1328",2.69880462605466,53.0701953739453
"1329",3.49628548786891,54.6997145121311
"1330",3.85776634968313,56.3292336503169
"1331",3.64124721149735,57.9587527885027
"1332",3.4737280733116,59.5882719266884
"1333",-1.59264473997825,59.5886447399783
"1334",0.466836121835994,61.218163878164
"1335",1.68331698365021,62.8476830163498
"1336",2.43679784546441,64.4772021545356
"1337",2.59327870727867,66.1067212927213
"1338",2.5637595690929,67.7362404309071
"1339",0.796240430907121,69.3657595690929
"1340",0.222721292721322,70.9952787072787
"1341",-0.965797845464412,72.6247978454644
"1342",-2.02231698365021,74.2543169836502
"1343",-2.67083612183601,75.883836121836
"1344",-3.51135526002174,77.5133552600217
"1345",2.52418859335506,27.8068114066449
"1346",2.1336694551693,29.4363305448307
"1347",1.70115031698353,31.0658496830165
"1348",1.41763117879775,32.6953688212023
"1349",1.075112040612,34.324887959388
"1350",0.833592902426213,35.9544070975738
"1351",0.861073764240435,37.5839262357596
"1352",0.79255462605467,39.2134453739453
"1353",-2.50996451213109,40.8429645121311
"1354",-2.57548365031686,42.4724836503169
"1355",-3.09000278850262,44.1020027885026
"1356",-3.16352192668842,45.7315219266884
"1357",-1.86189473997825,62.2578947399783
"1358",-0.708413878164005,63.887413878164
"1359",0.281066983650207,65.5169330163498
"1360",0.799547845464399,67.1464521545356
"1361",0.745028707278672,68.7759712927213
"1362",0.389509569092903,70.4054904309071
"1363",-0.275009569092881,72.0350095690929
"1364",-0.104528707278689,73.6645287072787
"1365",0.493952154535581,75.2940478454644
"1366",0.234433016349794,76.9235669836502
"1367",0.216913878163997,78.553086121836
"1368",-0.210605260021742,80.1826052600217
"1369",2.62627192668841,61.7337280733116
"1370",4.08675278850265,63.3632472114974
"1371",5.33723365031686,64.9927663496831
"1372",4.35771451213108,66.6222854878689
"1373",2.09819537394534,68.2518046260546
"1374",0.56867623575958,69.8813237642404
"1375",-0.710842902426218,71.5108429024262
"1376",-2.06036204061201,73.140362040612
"1377",-3.38988117879775,74.7698811787977
"1378",-3.68940031698353,76.3994003169835
"1379",-4.22891945516933,78.0289194551693
"1380",-4.99543859335506,79.6584385933551
"1381",2.93160526002172,62.6383947399783
"1382",3.58208612183598,64.267913878164
"1383",3.2525669836502,65.8974330163498
"1384",1.65304784546442,67.5269521545356
"1385",0.663528707278669,69.1564712927213
"1386",0.184009569092912,70.7859904309071
"1387",-1.35250956909288,72.4155095690929
"1388",-1.79502870727868,74.0450287072787
"1389",-2.03454784546441,75.6745478454644
"1390",-2.1740669836502,77.3040669836502
"1391",-2.27358612183599,78.933586121836
"1392",-2.63710526002172,80.5631052600217
"1393",0.951688593355082,32.0263114066449
"1394",1.32116945516932,33.6558305448307
"1395",1.69565031698354,35.2853496830165
"1396",2.06213117879774,36.9148688212023
"1397",2.42861204061199,38.544387959388
"1398",1.80009290242622,40.1739070975738
"1399",1.15157376424044,41.8034262357596
"1400",1.06805462605467,43.4329453739453
"1401",-5.40446451213109,45.0624645121311
"1402",-2.89698365031685,46.6919836503169
"1403",-2.38550278850262,48.3215027885026
"1404",-1.79202192668842,49.9510219266884
"1405",-0.0218114066449225,45.0308114066449
"1406",1.32466945516931,46.6603305448307
"1407",1.66115031698354,48.2898496830165
"1408",2.00763117879775,49.9193688212022
"1409",2.147112040612,51.548887959388
"1410",2.34859290242624,53.1784070975738
"1411",3.35307376424044,54.8079262357596
"1412",4.39655462605467,56.4374453739453
"1413",3.82103548786892,58.0669645121311
"1414",0.539516349683134,59.6964836503169
"1415",-7.96100278850265,61.3260027885027
"1416",-13.6165219266884,62.9555219266884
"1417",-0.301061406644927,65.2410614066449
"1418",-0.210580544830676,66.8705805448307
"1419",1.18990031698354,68.5000996830165
"1420",1.31038117879775,70.1296188212022
"1421",1.30086204061202,71.759137959388
"1422",1.00134290242625,73.3886570975738
"1423",1.28182376424044,75.0181762357596
"1424",0.252304626054665,76.6476953739453
"1425",-0.707214512131076,78.2772145121311
"1426",-1.13673365031686,79.9067336503169
"1427",-1.75625278850266,81.5362527885027
"1428",-2.22477192668838,83.1657719266884
"1429",0.0292719266884129,57.5637280733116
"1430",2.26275278850265,59.1932472114974
"1431",1.36923365031688,60.8227663496831
"1432",1.81371451213107,62.4522854878689
"1433",0.96019537394533,64.0818046260547
"1434",0.237676235759553,65.7113237642404
"1435",1.41615709757378,67.3408429024262
"1436",0.0406379593879823,68.970362040612
"1437",-0.220881178797739,70.5998811787977
"1438",-1.77240031698354,72.2294003169835
"1439",-3.04391945516934,73.8589194551693
"1440",-3.09243859335507,75.4884385933551
"1441",-0.803144739978251,39.4381447399782
"1442",-1.44366387816401,41.067663878164
"1443",-1.82718301634979,42.6971830163498
"1444",-1.4687021545356,44.3267021545356
"1445",-0.873221292721343,45.9562212927213
"1446",0.214259569092887,47.5857404309071
"1447",1.12274043090711,49.2152595690929
"1448",0.899221292721336,50.8447787072787
"1449",1.08170215453557,52.4742978454644
"1450",1.2691830163498,54.1038169836502
"1451",0.635663878164025,55.733336121836
"1452",1.19314473997826,57.3628552600217
"1453",1.36693859335508,40.0400614066449
"1454",1.75441945516932,41.6695805448307
"1455",1.69290031698353,43.2990996830165
"1456",1.70438117879775,44.9286188212022
"1457",2.99386204061199,46.558137959388
"1458",4.34934290242623,48.1876570975738
"1459",5.74382376424044,49.8171762357596
"1460",6.23130462605467,51.4466953739453
"1461",5.39778548786892,53.0762145121311
"1462",-0.416733650316858,54.7057336503169
"1463",-12.4662527885026,56.3352527885026
"1464",-18.3517719266884,57.9647719266884
"1465",4.64535526002172,67.2146447399783
"1466",3.64583612183598,68.844163878164
"1467",2.89631698365021,70.4736830163498
"1468",2.0567978454644,72.1032021545356
"1469",0.987278707278684,73.7327212927213
"1470",0.0777595690929095,75.3622404309071
"1471",-0.571759569092897,76.9917595690929
"1472",-1.43127870727867,78.6212787072787
"1473",-2.09079784546442,80.2507978454644
"1474",-2.49031698365021,81.8803169836502
"1475",-3.46983612183599,83.509836121836
"1476",-4.25535526002172,85.1393552600217
"1477",3.0172719266884,66.6027280733116
"1478",2.32775278850265,68.2322472114974
"1479",1.45823365031687,69.8617663496831
"1480",1.27871451213107,71.4912854878689
"1481",0.659195373945351,73.1208046260546
"1482",0.639676235759578,74.7503237642404
"1483",-0.169842902426239,76.3798429024262
"1484",-0.599362040612016,78.009362040612
"1485",-1.60888117879775,79.6388811787977
"1486",-1.89840031698354,81.2684003169835
"1487",-2.27791945516933,82.8979194551693
"1488",-2.82643859335506,84.527438593355
"1489",-6.50081140664492,52.3838114066449
"1490",-5.72933054483068,54.0133305448307
"1491",-5.33784968301646,55.6428496830165
"1492",-3.61736882120226,57.2723688212023
"1493",-1.605887959388,58.901887959388
"1494",0.663592902426235,60.5314070975738
"1495",2.42907376424044,62.1609262357596
"1496",3.18355462605466,63.7904453739453
"1497",3.82903548786892,65.4199645121311
"1498",4.47751634968314,67.0494836503169
"1499",4.37399721149734,68.6790027885027
"1500",3.83447807331161,70.3085219266884
"1501",-2.87431140664492,61.3743114066449
"1502",-0.603830544830676,63.0038305448307
"1503",0.566650316983542,64.6333496830165
"1504",1.23713117879773,66.2628688212023
"1505",1.497612040612,67.892387959388
"1506",1.06809290242624,69.5219070975738
"1507",1.00857376424044,71.1514262357596
"1508",0.619054626054655,72.7809453739454
"1509",-0.150464512131076,74.4104645121311
"1510",-0.789983650316872,76.0399836503169
"1511",-0.679502788502671,77.6695027885027
"1512",-0.89902192668838,79.2990219266884
"1513",2.26502192668841,38.9499780733116
"1514",2.39450278850264,40.5794972114974
"1515",2.03698365031686,42.2090163496831
"1516",1.91846451213108,43.8385354878689
"1517",2.15194537394532,45.4680546260547
"1518",2.82142623575956,47.0975737642404
"1519",1.88090709757378,48.7270929024262
"1520",1.178387959388,50.356612040612
"1521",-1.54613117879776,51.9861311787978
"1522",-5.14965031698352,53.6156503169835
"1523",-5.59416945516929,55.2451694551693
"1524",-4.35768859335507,56.8746885933551
"1525",-2.38989473997826,53.2378947399783
"1526",-1.23741387816401,54.867413878164
"1527",-0.435933016349794,56.4969330163498
"1528",0.15854784546441,58.1264521545356
"1529",0.649028707278663,59.7559712927213
"1530",1.10850956909291,61.3854904309071
"1531",1.5819904309071,63.0150095690929
"1532",1.43947129272133,64.6445287072787
"1533",1.0239521545356,66.2740478454644
"1534",-0.382566983650198,67.9035669836502
"1535",-0.969086121836002,69.533086121836
"1536",-0.546605260021728,71.1626052600217
"1537",-3.94039473997825,42.5363947399782
"1538",-2.95791387816402,44.165913878164
"1539",-1.8734330163498,45.7954330163498
"1540",-0.655952154535588,47.4249521545356
"1541",0.704528707278657,49.0544712927213
"1542",2.2030095690929,50.6839904309071
"1543",3.1574904309071,52.3135095690929
"1544",2.99797129272134,53.9430287072787
"1545",2.48845215453559,55.5725478454644
"1546",1.18793301634981,57.2020669836502
"1547",-1.27058612183598,58.831586121836
"1548",-2.04110526002173,60.4611052600217
"1549",1.23435526002175,57.8656447399783
"1550",2.30483612183599,59.495163878164
"1551",3.77531698365022,61.1246830163498
"1552",2.6457978454644,62.7542021545356
"1553",1.51627870727867,64.3837212927213
"1554",2.2867595690929,66.0132404309071
"1555",1.18924043090711,67.6427595690929
"1556",0.309721292721315,69.2722787072787
"1557",-1.03979784546441,70.9017978454644
"1558",-3.0663169836502,72.5313169836502
"1559",-5.184836121836,74.160836121836
"1560",-5.97135526002173,75.7903552600217
"1561",-7.15864473997826,51.7586447399783
"1562",-6.28816387816401,53.388163878164
"1563",-5.4386830163498,55.0176830163498
"1564",-4.5942021545356,56.6472021545356
"1565",-2.67472129272134,58.2767212927213
"1566",-0.0692404309070964,59.9062404309071
"1567",2.5122404309071,61.5357595690929
"1568",3.72872129272133,63.1652787072787
"1569",5.2062021545356,64.7947978454644
"1570",5.54868301634979,66.4243169836502
"1571",4.98816387816401,68.053836121836
"1572",4.23964473997827,69.6833552600217
"1573",-7.14906140664493,50.7340614066449
"1574",-4.28458054483068,52.3635805448307
"1575",-1.89509968301646,53.9930996830165
"1576",-1.28661882120225,55.6226188212023
"1577",-0.247137959387996,57.252137959388
"1578",0.625342902426234,58.8816570975738
"1579",0.524823764240438,60.5111762357596
"1580",0.967304626054657,62.1406953739453
"1581",2.37578548786893,63.7702145121311
"1582",3.43526634968313,65.3997336503169
"1583",3.81574721149734,67.0292527885027
"1584",3.11822807331161,68.6587719266884
"1585",1.32152192668841,38.6564780733116
"1586",2.28500278850264,40.2859972114974
"1587",3.42848365031687,41.9155163496831
"1588",4.50596451213109,43.5450354878689
"1589",5.84144537394532,45.1745546260547
"1590",3.54592623575957,46.8040737642404
"1591",1.41540709757378,48.4335929024262
"1592",1.445887959388,50.063112040612
"1593",-2.86763117879776,51.6926311787978
"1594",-8.74415031698352,53.3221503169835
"1595",-7.1386694551693,54.9516694551693
"1596",-5.03918859335507,56.5811885933551
"1597",4.21977192668839,64.9602280733116
"1598",3.83025278850265,66.5897472114974
"1599",2.54073365031687,68.2192663496831
"1600",1.51121451213108,69.8487854878689
"1601",0.531695373945347,71.4783046260547
"1602",-0.347823764240418,73.1078237642404
"1603",-0.697342902426216,74.7373429024262
"1604",-1.35986204061202,76.366862040612
"1605",-1.57638117879774,77.9963811787977
"1606",-2.40790031698353,79.6259003169835
"1607",-2.78441945516933,81.2554194551693
"1608",-3.45993859335506,82.8849385933551
"1609",3.92385526002172,64.5161447399783
"1610",3.34433612183597,66.145663878164
"1611",2.43481698365019,67.7751830163498
"1612",1.35529784546441,69.4047021545356
"1613",0.305778707278686,71.0342212927213
"1614",0.716259569092905,72.6637404309071
"1615",0.356740430907118,74.2932595690929
"1616",-0.902778707278689,75.9227787072787
"1617",-1.4622978454644,77.5522978454644
"1618",-2.3718169836502,79.1818169836502
"1619",-3.50133612183599,80.811336121836
"1620",-4.19885526002171,82.4408552600217
"1621",4.25177192668839,61.8192280733116
"1622",3.59525278850264,63.4487472114974
"1623",3.17473365031686,65.0782663496831
"1624",1.76021451213107,66.7077854878689
"1625",0.335695373945335,68.3373046260547
"1626",-0.485823764240427,69.9668237642404
"1627",-0.791342902426212,71.5963429024262
"1628",-1.30786204061201,73.225862040612
"1629",-2.10338117879774,74.8553811787977
"1630",-2.26190031698353,76.4849003169835
"1631",-2.80741945516932,78.1144194551693
"1632",-3.35993859335505,79.7439385933551
"1633",-2.53031140664493,57.6183114066449
"1634",-1.34083054483069,59.2478305448307
"1635",-0.107349683016456,60.8773496830165
"1636",0.97213117879773,62.5068688212023
"1637",1.575612040612,64.136387959388
"1638",1.69009290242624,65.7659070975738
"1639",1.16157376424044,67.3954262357596
"1640",1.16505462605464,69.0249453739454
"1641",0.495535487868931,70.6544645121311
"1642",-0.137983650316869,72.2839836503169
"1643",-1.14750278850266,73.9135027885027
"1644",-1.79602192668839,75.5430219266884
"1645",-8.10514473997826,48.5171447399783
"1646",-7.25966387816401,50.146663878164
"1647",-6.41318301634981,51.7761830163498
"1648",-5.56770215453559,53.4057021545356
"1649",-4.78122129272135,55.0352212927213
"1650",-0.900740430907095,56.6647404309071
"1651",0.52174043090711,58.2942595690929
"1652",2.89622129272133,59.9237787072787
"1653",6.1087021545356,61.5532978454644
"1654",7.4891830163498,63.1828169836502
"1655",8.20466387816401,64.812336121836
"1656",7.80714473997827,66.4418552600217
"1657",-8.20631140664493,51.3663114066449
"1658",-7.32483054483068,52.9958305448307
"1659",-6.49834968301646,54.6253496830165
"1660",-4.62386882120226,56.2548688212023
"1661",-1.35238795938801,57.884387959388
"1662",1.25109290242624,59.5139070975738
"1663",3.26257376424044,61.1434262357596
"1664",4.27305462605466,62.7729453739453
"1665",5.31553548786893,64.4024645121311
"1666",5.06401634968314,66.0319836503169
"1667",4.70849721149734,67.6615027885027
"1668",4.1309780733116,69.2910219266884
"1669",-5.27006140664493,37.8180614066449
"1670",-5.47758054483069,39.4475805448307
"1671",-5.89709968301647,41.0770996830165
"1672",-5.72261882120225,42.7066188212022
"1673",-4.48813795938801,44.336137959388
"1674",-1.79065709757377,45.9656570975738
"1675",1.51782376424045,47.5951762357596
"1676",3.69730462605467,49.2246953739453
"1677",4.74478548786892,50.8542145121311
"1678",5.53626634968314,52.4837336503169
"1679",6.19474721149736,54.1132527885026
"1680",6.9552280733116,55.7427719266884
"1681",5.00402192668841,37.0339780733116
"1682",5.41350278850265,38.6634972114973
"1683",5.72998365031687,40.2930163496831
"1684",5.84546451213108,41.9225354878689
"1685",6.55494537394532,43.5520546260547
"1686",6.20442623575956,45.1815737642404
"1687",5.00990709757378,46.8110929024262
"1688",2.380387959388,48.440612040612
"1689",-3.97013117879775,50.0701311787977
"1690",-11.4616503169835,51.6996503169835
"1691",-14.1361694551693,53.3291694551693
"1692",-12.5746885933551,54.9586885933551
"1693",4.75018859335508,43.7008114066449
"1694",5.13866945516932,45.3303305448307
"1695",5.39815031698353,46.9598496830165
"1696",5.40563117879774,48.5893688212023
"1697",5.41611204061199,50.218887959388
"1698",5.82559290242623,51.8484070975738
"1699",6.88507376424045,53.4779262357596
"1700",7.24355462605467,55.1074453739453
"1701",3.64003548786893,56.7369645121311
"1702",-11.5574836503169,58.3664836503169
"1703",-20.0070027885026,59.9960027885026
"1704",-18.1385219266884,61.6255219266884
